{
    "loss": 6.656412601470947,
    "accuracy": 0.4313725531101227
}